1,2,3,4,5,6,7,8,9,10,11,12,13,14,15,16,17,18,19,20,21,22
V1,V2,V3A,V8,V3CD,4,24dd,6a,43,A1,A4,52,H,PHT,TPOJ1,LIPv,PGp,DVT,33pr,47s,44,8C
,V3,V3B,VVC,LO1,3a,24dv,6d,FOP1,LBelt,A5,PI,PreS,TE1p,TPOJ2,LIPd,PGs,ProS,p24pr,47m,45,8Av
,V4,V6,PIT,LO2,3b,6mp,FEF,OP4,MBelt,STSdp,Ig,EC,TE1m,TPOJ3,VIP,PGi,POS1,a24pr,a47r,IFJp,i6-8
,,V6A,FFC,LO3,1,6ma,PEF,OP1,PBelt,STSda,PoI1,PeEc,TE1a,STV,AIP,PFm,POS2,p24,11l,IFJa,s6-8
,,V7,VMV1,V4t,2,SCEF,55b,OP2-3,RI,STSvp,PoI2,PHA1,TE2p,PSL,MIP,PF,RSC,a24,13l,IFSp,SFL
,,IPS1,VMV2,FST,,5m,6v,PFcm,,STSva,FOP2,PHA2,TE2a,,7PC,PFt,v23ab,p32pr,a10p,IFSa,8BL
,,,VMV3,MT,,5L,6r,,,STGa,FOP3,PHA3,TGv,,7AL,PFop,d23ab,a32pr,p10p,47l,9p
,,,,MST,,5mv,,,,TA2,MI,,TGd,,7Am,IP0,31pv,d32,10pp,p47r,9a
,,,,PH,,,,,,,AVI,,TF,,7PL,IP1,31pd,p32,10d,,8Ad
,,,,,,,,,,,AAIC,,,,7Pm,IP2,31a,s32,OFC,,p9-46v
,,,,,,,,,,,Pir,,,,,,23d,8BM,pOFC,,a9-46v
,,,,,,,,,,,FOP4,,,,,,23c,9m,,,46
,,,,,,,,,,,FOP5,,,,,,PCV,10v,,,9-46d
,,,,,,,,,,,,,,,,,7m,10r,,,
,,,,,,,,,,,,,,,,,,25,,,
